id,first_name,last_name,email,gender,ip_address
1,Erena,Laffoley-Lane,elaffoleylane0@nytimes.com,Female,14.191.83.69
2,Katee,Dorian,kdorian1@homestead.com,Female,108.180.26.187
3,Oby,Coggins,ocoggins2@goo.gl,Male,44.81.111.34
4,Mychal,Wigginton,mwigginton3@buzzfeed.com,Male,237.67.235.236
5,Casar,Wincom,cwincom4@51.la,Male,166.217.194.112
6,Vernen,Downse,vdownse5@google.de,Male,89.203.202.73
7,Stu,Cottisford,scottisford6@nhs.uk,Non-binary,126.246.35.70
8,Forbes,Cutler,fcutler7@amazon.de,Male,63.80.208.109
9,Nananne,Hiscoe,nhiscoe8@usgs.gov,Female,140.100.21.250
10,Nollie,Chislett,nchislett9@spiegel.de,Male,170.199.207.8
11,Lacey,Klimov,lklimova@hugedomains.com,Female,133.115.213.104
12,Millie,Darrell,mdarrellb@51.la,Female,185.234.255.134
13,Martino,Toolan,mtoolanc@nationalgeographic.com,Male,1.244.81.11
14,Weidar,Riby,wribyd@ibm.com,Male,223.135.234.158
15,Teodoro,Debenham,tdebenhame@shop-pro.jp,Male,240.137.96.176
16,Fanchette,Ollander,follanderf@shareasale.com,Female,253.17.239.69
17,Malinda,Allwood,mallwoodg@census.gov,Female,193.171.228.104
18,Warren,Braikenridge,wbraikenridgeh@usatoday.com,Male,238.73.223.224
19,Sandra,Oda,sodai@bigcartel.com,Female,45.142.46.168
20,Hewie,Tire,htirej@constantcontact.com,Male,70.239.113.210
21,Kimbell,Megainey,kmegaineyk@wikispaces.com,Non-binary,62.86.167.222
22,Dud,Daenen,ddaenenl@globo.com,Male,61.63.22.120
23,Karlan,Jackson,kjacksonm@mapquest.com,Male,239.249.135.231
24,Mickey,De Luna,mdelunan@fda.gov,Male,247.217.68.181
25,Danna,Arminger,darmingero@woothemes.com,Female,7.25.160.52
26,Osmond,Edney,oedneyp@wikia.com,Non-binary,154.207.49.63
27,Karim,Draysey,kdrayseyq@youtube.com,Male,13.198.72.60
28,Hunfredo,Drayton,hdraytonr@telegraph.co.uk,Male,43.146.65.91
29,Gaile,Chadbourne,gchadbournes@noaa.gov,Agender,99.236.28.4
30,Darcee,Matteoli,dmatteolit@goodreads.com,Female,151.9.175.60
31,Priscella,Vassall,pvassallu@twitpic.com,Female,157.94.44.118
32,Berget,Spurling,bspurlingv@amazonaws.com,Female,194.64.60.24
33,Remington,Peppin,rpeppinw@who.int,Male,44.85.53.47
34,Salem,MacEntee,smacenteex@addthis.com,Male,195.119.146.173
35,Cloe,Higgonet,chiggonety@smugmug.com,Polygender,27.145.235.253
36,Danyelle,Westphalen,dwestphalenz@whitehouse.gov,Female,212.226.179.85
37,Reidar,Greener,rgreener10@blogs.com,Male,177.50.76.89
38,Elisabet,Rodder,erodder11@sfgate.com,Female,31.196.230.159
39,Sylvan,Longstreeth,slongstreeth12@umn.edu,Male,222.164.246.181
40,Leo,Leile,lleile13@engadget.com,Male,127.151.112.98
41,Mable,Ondracek,mondracek14@msu.edu,Female,104.31.60.61
42,Joni,Quadling,jquadling15@webs.com,Female,8.189.55.130
43,Baron,Lammert,blammert16@cpanel.net,Male,196.9.119.77
44,Jolene,Spens,jspens17@canalblog.com,Bigender,17.82.181.223
45,Alexander,Tremberth,atremberth18@chicagotribune.com,Male,54.189.152.123
46,Conn,Jacquest,cjacquest19@163.com,Bigender,240.88.198.29
47,Buddy,Jesper,bjesper1a@google.com,Male,68.39.216.211
48,Elisabet,Reams,ereams1b@ask.com,Female,209.178.107.176
49,Juliann,Kernermann,jkernermann1c@wufoo.com,Female,132.45.244.200
50,Pavel,Tinkham,ptinkham1d@g.co,Male,15.209.95.170
51,Win,Shale,wshale1e@berkeley.edu,Male,110.172.53.143
52,Juline,Roan,jroan1f@blogs.com,Agender,155.230.71.179
53,Alasteir,Ferencowicz,aferencowicz1g@godaddy.com,Male,238.152.17.239
54,Trevor,Gunn,tgunn1h@ft.com,Genderqueer,40.8.91.68
55,Humbert,Han,hhan1i@fda.gov,Male,34.53.135.24
56,Barnie,Attrie,battrie1j@hp.com,Male,27.150.147.93
57,Eziechiele,Garden,egarden1k@dedecms.com,Male,29.153.72.9
58,Meghan,Quilty,mquilty1l@macromedia.com,Female,239.46.202.167
59,Annabel,Solomon,asolomon1m@netvibes.com,Polygender,12.94.84.200
60,Bill,Beauchamp,bbeauchamp1n@shinystat.com,Male,143.189.187.220
61,Nico,Cardiff,ncardiff1o@spiegel.de,Male,31.245.12.226
62,Gerianne,Chalcot,gchalcot1p@who.int,Agender,118.198.115.68
63,Casie,Doxey,cdoxey1q@desdev.cn,Female,141.178.31.102
64,Naomi,Canadas,ncanadas1r@themeforest.net,Female,139.202.104.214
65,Pru,Kerner,pkerner1s@artisteer.com,Female,22.56.65.28
66,Carlos,Smidmore,csmidmore1t@livejournal.com,Male,22.176.12.124
67,Sheilah,Dunbavin,sdunbavin1u@ning.com,Agender,65.16.145.125
68,Otto,Langthorne,olangthorne1v@chronoengine.com,Male,159.57.80.48
69,Sallyanne,Maffeo,smaffeo1w@google.co.uk,Genderqueer,7.57.141.60
70,Corrie,Lecordier,clecordier1x@wired.com,Male,90.183.66.220
71,Mikey,Corser,mcorser1y@imgur.com,Male,252.213.90.147
72,Micky,Burnapp,mburnapp1z@blogtalkradio.com,Male,102.44.66.110
73,Marleah,Tordiffe,mtordiffe20@archive.org,Agender,162.169.66.80
74,Cayla,Drinkwater,cdrinkwater21@photobucket.com,Female,219.242.74.177
75,Neala,Charnock,ncharnock22@vk.com,Female,29.91.41.157
76,Juliana,Towson,jtowson23@barnesandnoble.com,Female,255.36.194.209
77,Fredek,Walkey,fwalkey24@tripod.com,Male,220.239.2.213
78,Jaclin,Merton,jmerton25@spotify.com,Female,120.154.154.22
79,Casi,Thorne,cthorne26@blogs.com,Female,37.169.114.12
80,Moise,Nassey,mnassey27@about.me,Non-binary,75.158.129.188
81,Dominique,Rudyard,drudyard28@jalbum.net,Genderqueer,193.254.11.248
82,Consolata,Yarmouth,cyarmouth29@twitter.com,Non-binary,254.150.98.231
83,Lurline,Bullas,lbullas2a@answers.com,Genderfluid,208.176.153.86
84,Tynan,Piccard,tpiccard2b@deliciousdays.com,Male,53.26.117.15
85,Herc,Latore,hlatore2c@google.pl,Male,86.213.109.77
86,Jemmy,Gellert,jgellert2d@adobe.com,Female,93.228.246.141
87,Ketty,Gooley,kgooley2e@wix.com,Female,150.178.131.229
88,Ferdie,Liddy,fliddy2f@adobe.com,Male,73.183.60.100
89,Giselle,Jakobsson,gjakobsson2g@spotify.com,Female,227.45.88.223
90,Montgomery,Kivlin,mkivlin2h@pbs.org,Male,148.131.192.160
91,Barnabas,Moroney,bmoroney2i@uiuc.edu,Male,205.143.162.45
92,Sherline,Ruvel,sruvel2j@feedburner.com,Female,241.87.79.87
93,Teddie,Farish,tfarish2k@yellowpages.com,Non-binary,41.81.53.189
94,Stanfield,Sebrook,ssebrook2l@answers.com,Male,73.156.172.69
95,Dene,Fordyce,dfordyce2m@canalblog.com,Polygender,17.134.18.228
96,Barbi,Ludlam,bludlam2n@pcworld.com,Female,32.163.110.233
97,Mason,Waterstone,mwaterstone2o@ted.com,Male,63.49.31.252
98,Stesha,Sivewright,ssivewright2p@auda.org.au,Bigender,74.61.192.52
99,Jillene,Valler,jvaller2q@wikispaces.com,Genderfluid,1.53.227.28
100,Fee,Emson,femson2r@jalbum.net,Male,78.133.95.51
